class	specs	name	id	sba	suggest	priority	choice_with	confidence	note
WARLOCK	266	Summon Felguard	30146	yes	category=utility	14		sure	Demo spec node n109257 (DB2 69933); on Rob's 5 Oct list; SBA step (AssistedCombatStep ac272). OOC pet summon; KEEP (Demo main pet)
WARLOCK	265,266,267	Summon Felhunter	691	yes	category=utility	15		sure	class baseline SkillLineAbility 849; on Rob's list; SBA step all 3 specs. KEEP (Aff/Destro pet with the interrupt)
WARLOCK	265,266,267	Summon Imp	688	yes	category=utility	16		sure	class baseline SLA 849; on Rob's list; SBA step all 3 specs. Rather leave off for Demo
WARLOCK	265,266,267	Summon Sayaad	366222	no	category=utility	17		sure	class baseline SLA 849; on Rob's list. Rather leave off
WARLOCK	265,266,267	Summon Voidwalker	697	no	category=utility	18		unsure	SLA 849 AcquireMethod 4 (taught by 317521 Teach spell); Icy Veins 12.1 lists it; NOT on Rob's 5 Oct Demo list - check his spellbook. Rather leave off
WARLOCK	265,266,267	Demonic Circle	48018	no	category=utility	7		sure	learned via class node n100941 (SpellLearnSpell 268358 -> 48018 + 48020); on Rob's list. Places the circle that Demonic Circle: Teleport (utility_primary 2) needs
WARLOCK	265,266,267	Soulburn	385899	no	category=utility	8		sure	class node n71957; Wowhead live + Icy Veins Aff/Demo/Destro 12.1 class actives. Not on Rob's list (not talented, AFGELEID)
WARLOCK	265,266,267	Fel Domination	333889	no	category=utility	9		sure	class node n71931; on Rob's list
WARLOCK	265,267	Grimoire of Sacrifice	108503	yes	category=utility	10	Summoner's Embrace (passive)	sure	spec nodes n72037 (Aff) / n71971 (Destro); SBA step 265+267; Icy Veins Aff/Destro spec actives
WARLOCK	265,266,267	Curse of Weakness	702	no	category=utility	11		sure	class baseline SLA 849; on Rob's list
WARLOCK	265,267	Curse of the Satyr	442804	no	category=utility	11	Aura of Enfeeblement (passive)	sure	Hellcaller hero n94822: passive 440057 overrides Curse of Weakness (aura 332) - same button, same priority as Curse of Weakness; Wowhead live; Icy Veins Destro hero list
WARLOCK	265,266,267	Curse of Tongues	1714	no	category=utility	12		sure	class node n109846; on Rob's list
WARLOCK	265,266,267	Blight of Weakness	1271748	no	category=utility	13	Blight of Tongues	sure	class choice node n109848 (2 min AoE curse); Wowhead live; Icy Veins class actives
WARLOCK	265,266,267	Blight of Tongues	1271802	no	category=utility	13	Blight of Weakness	sure	class choice node n109848; Wowhead live; Icy Veins class actives
WARLOCK	265,266,267	Curse of Exhaustion	334275	no	category=dispel_cc	5		sure	class node n109847 (50% slow); on Rob's list
WARLOCK	265,266,267	Shadowfury	30283	no	category=dispel_cc	3	Howl of Terror	sure	class choice node n71947 with Howl of Terror (dispel_cc 3) - mutually exclusive, so same priority; on Rob's list
WARLOCK	265	Dark Harvest	1257052	yes	category=cooldown	1		sure	Aff spec node n109860 (1 min channel); SBA step ac60; Icy Veins Aff spec actives
WARLOCK	265	Shadow Bolt	686	yes	category=main_rotation	5	Drain Soul (via Improved Shadow Bolt / Drain Soul node n72045)	sure	extend Shadow Bolt (entry specs {266}, priority 1): needs blockAs[265] priority 5 - Drain Soul (main_rotation 5) replaces it when talented. Baseline SLA; Icy Veins Aff 'main filler'; SBA step
WARLOCK	267	Malevolence	442726	yes	role=cooldown_bar	2		sure	extend Malevolence (entry specs {265}): Hellcaller n94842 learns 442726 (SpellLearnSpell); Hellcaller is Aff+Destro (DB2 node 99848); SBA step ac66. The file's 17 Sep note kept 267 off on purpose (no bind moves)
WARLOCK	267	Wither	445468	no	category=main_rotation	2		sure	extend Wither (entry specs {265}): Hellcaller n94840 passive 445465 overrides Immolate (348) and Corruption (172) with 445468 - same slot as Immolate (main_rotation 2)
WARLOCK	266	Summon Doomguard	1276672	no	category=cooldown	1		sure	Demo spec node n101917 (2 min CD, 1 shard); Wowhead live; Icy Veins Demo spec actives. Not on Rob's list (not talented, AFGELEID)
WARLOCK	266	Grimoire: Fel Ravager	1276467	no	category=cooldown	2	Grimoire: Imp Lord	sure	Demo choice node n110197; on Rob's list. While on cooldown the button turns into Devour Magic (Wowhead) / Spell Lock (Icy Veins) - sources disagree
WARLOCK	266	Grimoire: Imp Lord	1276452	no	category=cooldown	2	Grimoire: Fel Ravager	sure	Demo choice node n110197; Wowhead live: turns into Singe Magic while on cooldown
WARLOCK	266	Power Siphon	264130	yes	category=main_rotation	5	Implosion	sure	Demo choice node n101893 with Implosion (spender 4 Shift+4); SBA step ac272; Icy Veins Demo spec actives
WARLOCK	265,266,267	Singe Magic	119905	no	category=utility	3		unsure	Command Demon override with Imp out (DB2 SpellName 119905; Icy Veins Command Demon list). Same button as Command Demon (utility 3); only shows if the scanner reports the override name (AFGELEID, cf. 119914 Axe Toss measured 4 Oct)
WARLOCK	265,266,267	Shadow Bulwark	119907	no	category=utility	3		unsure	Command Demon override with Voidwalker out; same remark as Singe Magic
WARLOCK	265,266,267	Seduction	119909	no	category=utility	3		unsure	Command Demon override with Sayaad out; same remark as Singe Magic
WARLOCK	265,266,267	Subjugate Demon	1098	no	category=utility	19		sure	class baseline SLA 849; on Rob's list. Rather leave off
WARLOCK	265,266,267	Unending Breath	5697	no	category=utility	20		sure	class baseline SLA 849; on Rob's list. Rather leave off
WARLOCK	265,266,267	Eye of Kilrogg	126	no	category=utility	21		sure	class baseline SLA 849; on Rob's list. Rather leave off
WARLOCK	265,266,267	Ritual of Summoning	698	no	category=utility	22		sure	class baseline SLA 849; on Rob's list. Rather leave off
WARLOCK	265,266,267	Ritual of Doom	342601	no	category=utility	23		sure	class baseline SLA 849; on Rob's list (1 h CD, 5 players). Rather leave off
PRIEST	256,257,258	Dominate Mind	205364	no	role=utility_secondary	2	Mind Control	sure	class choice node n82710 with Mind Control (utility_secondary 2) - same priority; Wowhead live; Icy Veins Disc + Shadow 12.1
PRIEST	256	Shadow Mend	186263	no	category=main_rotation	1		sure	mirror Flash Heal's Disc entry (priority 1, bindKey "3"): Disc node n82567 passive 1252217 overrides Flash Heal 2061 with 186263 (aura 332); Wowhead + Icy Veins Disc 'upgrades your Flash Heal'. Whether the spellbook shows the new name: AFGELEID
PRIEST	256	Plea	200829	no	role=click_cast	1		sure	Disc SpecializationSpells (replaced Renew); Wowhead live; Icy Veins Disc. Single-target heal -> click_cast per file header (note: Flash Heal itself now has a key, bindKey "3")
PRIEST	258	Flash Heal	2061	no	role=heal_ooc	1		sure	extend Flash Heal (entry specs {256,257} as main_rotation bindKey "3"): needs blockAs[258]. Baseline SLA; Icy Veins Shadow 'our main healing spell'. heal_quick is already Desperate Prayer
PRIEST	258	Halo	120644	yes	category=cooldown	4		sure	extend Halo: Archon hero node n94697 (granted for Shadow); SBA step ac67. Entry id=120517 is Holy's Halo - Shadow's id is 120644, so an id-based lookup misses it
PRIEST	258	Holy Nova	132157	no	category=main_rotation	9		sure	extend Holy Nova (class node n82718, free for Holy): needs blockAs[258]. Icy Veins Shadow: 'does not synergize' - low value, could leave off
PRIEST	256,257,258	Mind Soothe	453	no	category=utility	9		sure	class baseline SLA 804; Icy Veins Disc + Shadow 12.1
PRIEST	256,257,258	Resurrection	2006	no	category=utility	10		sure	SLA 804 AcquireMethod 4 (taught by 317430); OOC rez. Optional
PRIEST	256,257,258	Mind Vision	2096	no	category=utility	11		sure	class baseline SLA 804; Icy Veins Shadow 'minimal use'. Rather leave off
PRIEST	256,257	Mass Resurrection	212036	no	category=utility	12		sure	Disc+Holy SpecializationSpells; OOC only. Rather leave off
MAGE	62,63,64	Arcane Intellect	1459	yes	category=utility	8		sure	baseline SLA 904; SBA step in all 3 specs; Icy Veins 'keep this active'. File header skips buffs on purpose; Priest file does key Power Word: Fortitude (utility 7)
MAGE	64	Frostfire Bolt	431044	no	category=main_rotation	1		sure	Frostfire hero n94636: TraitDefinition OverridesSpellID 116 -> takes Frostbolt's button (mirror Frostbolt, priority 1). Not an SBA step for Frost
MAGE	63	Frostfire Bolt	431044	yes	category=main_rotation	1		sure	Frostfire hero n109956: OverridesSpellID 133 -> takes Fireball's button (mirror Fireball, priority 1); SBA step ac215
MAGE	62	Arcane Pulse	1241462	no	category=main_rotation	6		sure	Arcane node n102439: OverridesSpellID 1449 -> takes Arcane Explosion's button (main_rotation 6); Wowhead live; Icy Veins Arcane spec actives
MAGE	62,63,64	Ice Cold	414658	no	role=defensive_3	1		sure	class node n62085 (not a choice): replaces Ice Block (aura 332) - same slot as Ice Block; Wowhead live; Icy Veins class actives. 414658 is the id the Ice Block comment calls 'a namesake'
MAGE	62,63	Cone of Cold	120	no	category=dispel_cc	7		sure	extend Cone of Cold (entry specs {64}, main_rotation Shift+3): needs blockAs for 62/63. Baseline SLA; Icy Veins Arcane + Fire baseline
MAGE	62,63	Ice Nova	157997	no	category=dispel_cc	7	Freezing Cold (passive)	sure	class choice node n62087; OverridesSpellID 120 -> takes Cone of Cold's button, so same priority as Cone of Cold
MAGE	64	Ice Nova	157997	no	category=main_rotation	6	Freezing Cold (passive)	sure	same node; on Frost mirror Cone of Cold (main_rotation 6, bindKey Shift+3)
MAGE	62,63,64	Mass Polymorph	383121	no	category=dispel_cc	4	Ring of Frost	sure	class choice node n62088 with Ring of Frost (dispel_cc 4) - same priority; Wowhead live; Icy Veins class actives
MAGE	63,64	Supernova	157980	no	category=dispel_cc	6	Dragon's Breath	sure	extend Supernova (entry specs {62}, main_rotation 5): it is a CLASS choice node n101883 with Dragon's Breath (dispel_cc 6); Icy Veins Fire class actives
MAGE	62,63,64	Mass Invisibility	414664	no	category=utility	7		sure	class node n62092; Wowhead live; Icy Veins class actives
MAGE	64	Summon Water Elemental	31687	no	category=utility	10	Lonely Winter (passive)	sure	Frost choice node n108850; Wowhead live. OOC pet summon
MAGE	62,63,64	Conjure Refreshment	190336	no	category=utility	11		sure	baseline SLA 904; OOC. Rather leave off
MAGE	62,63,64	Teleport	343127	no	category=utility	12		unsure	baseline SLA 904 (flyout); plus 10 destination teleports in SLA. Rather leave off
MAGE	62,63,64	Portal	343140	no	category=utility	13		unsure	baseline SLA 904 (flyout); plus 8 destination portals in SLA. Rather leave off
